estado,estado_numero,prob
blob_atento,1,0.9999989867210388
blob_atento,1,0.9999989271163940
blob_atento,1,0.9999938607215881
blob_normal,0,0.9999877214431763
blob_normal,0,0.9999728202819824
blob_atento,1,0.9999599456787109
blob_atento,1,0.9997918009757996
blob_normal,0,0.9995598793029785
blob_normal,0,0.9860993027687073
blob_triste,5,0.1065630987286568
